Time(sec),Distance(m)
0.06700000000000017,0.8322360449747349